USE `Fundamentals`;

INSERT INTO `Sectors` (`Sector`) VALUES
    ('Packaging'),
    ('Nursing home'),
    ('Facilty Maintenance'),
    ('Defense'),
    ('IT Consulting'),
    ('Surface Treatment'),
    ('E-Commerce'),
    ('Telecom'),
    ('SuperMarket'),
    ('Plastic');

INSERT INTO `Companies` (`Ticker`,`Name`,`Sector`) VALUES
    ('RM.MI' , 'Reno Di Medici', 'Packaging'),
    ('LNA.PA' , 'LNA Sante', 'Nursing home'),
    ('ORP.PA' , 'Orpea', 'Nursing home'),
    ('KORI.PA' , 'Korian', 'Nursing home'),
    ('GDI.TO' , 'GDI Integrated Facility Service', 'Facilty Maintenance'),
    ('LMT' , 'Lockheed Martin', 'Defense'),
    ('ECONB.BR' , 'Econocom', 'IT Consulting'),
    ('4095.T' , 'Nihon Parkerizing', 'Surface Treatment'),
    ('BABA' , 'Alibaba', 'E-Commerce'),
    ('ORA.PA' , 'Orange', 'Telecom'),
    ('TEF.MC' , 'Telefonica', 'Telecom'),
    ('0762.HK' , 'China Unicom', 'Telecom'),
    ('SFM' , 'Sprouts Farmers Market', 'SuperMarket'),
    ('VIS.MC' , 'Viscofan', 'Plastic'),
    ('ELE.MC', NULL, NULL),
    ('IBE.MC', NULL, NULL),
    ('GE', NULL, NULL),
    ('SII.PA', NULL, NULL),
    ('DVT.PA', NULL, NULL),
    ('MSFT', NULL, NULL),
    ('MTY.TO', NULL, NULL),
    ('CMG', NULL, NULL),
    ('MCD', NULL, NULL),
    ('QSR', NULL, NULL),
    ('UL', NULL, NULL),
    ('PG', NULL, NULL),
    ('KO', NULL, NULL),
    ('1044.HK', NULL, NULL),
    ('ABI.BR', NULL, NULL),
    ('HEINY', NULL, NULL),
    ('CARL-B.CO', NULL, NULL),
    ('BB.PA', NULL, NULL),
    ('BOL.PA', NULL, NULL),
    ('ITX.MC', NULL, NULL),
    ('1810.HK', NULL, NULL),
    ('ALGIL.PA', NULL, NULL),
    ('SEB.MI', NULL, NULL),
    ('GEO', NULL, NULL),
    ('AEIN.DE', NULL, NULL),
    ('ALUMS.PA', NULL, NULL),
    ('GOOG', NULL, NULL),
    ('AMZN', NULL, NULL),
    ('DTE.DE', NULL, NULL),
    ('ACS.MC', NULL, NULL),
    ('FER.MC', NULL, NULL),
    ('ANA.MC', NULL, NULL),
    ('EN.PA', NULL, NULL),
    ('MRL.MC', NULL, NULL),
    ('ENO.MC', NULL, NULL),
    ('ATE.PA', NULL, NULL),
    ('BAYN.DE', NULL, NULL),
    ('HCA', NULL, NULL),
    ('NHI', NULL, NULL),
    ('FHZN.SW', NULL, NULL),
    ('ADP.PA', NULL, NULL),
    ('FRA.DE', NULL, NULL),
    ('AENA.MC', NULL, NULL),
    ('AER', NULL, NULL),
    ('AL', NULL, NULL),
    ('DISCA', NULL, NULL),
    ('DIS', NULL, NULL),
    ('SOP.PA', NULL, NULL),
    ('SU', NULL, NULL),
    ('REP.MC', NULL, NULL),
    ('ENI.MI', NULL, NULL),
    ('ENG.MC', NULL, NULL),
    ('GALP.LS', NULL, NULL),
    ('OGZPY', NULL, NULL),
    ('RDS-A', NULL, NULL),
    ('IPCO.TO', NULL, NULL),
    ('HM-B.ST', NULL, NULL),
    ('CXW', NULL, NULL),
    ('DND.TO', NULL, NULL);

INSERT INTO `Currency` (`CurrencyName`,`CurrencyConversiontoUSD`) VALUES
    ('USD', 1),
    ('EUR', 0.87),
    ('CNY', 0.15),
    ('CAD', 0.77),
    ('HKD', 0.12),
    ('CHF', 1.08),
    ('JPY', 0.0088);

INSERT INTO `Variables` (`Variable`) VALUES
    ('Market Cap (intraday)'),
    ('Enterprise Value'),
    ('Trailing P/E'),
    ('Forward P/E'),
    ('PEG Ratio (5 yr expected)'),
    ('Price/Sales'),
    ('Price/Book'),
    ('Enterprise Value/Revenue'),
    ('Enterprise Value/EBITDA'),
    ('Beta (5Y Monthly)'),
    ('52-Week Change'),
    ('S&P500 52-Week Change'),
    ('52 Week High'),
    ('52 Week Low'),
    ('50-Day Moving Average'),
    ('200-Day Moving Average'),
    ('Avg Vol (3 month)'),
    ('Avg Vol (10 day)'),
    ('Shares Outstanding'),
    ('Implied Shares Outstanding'),
    ('Float'),
    ('% Held by Insiders'),
    ('% Held by Institutions'),
    ('Shares Short (Sep 29, 2021)'),
    ('Short Ratio (Sep 29, 2021)'),
    ('Short % of Float (Sep 29, 2021)'),
    ('Short % of Shares Outstanding (Sep 29, 2021)'),
    ('Shares Short (prior month Aug 30, 2021)'),
    ('Forward Annual Dividend Rate'),
    ('Forward Annual Dividend Yield'),
    ('Trailing Annual Dividend Rate'),
    ('Trailing Annual Dividend Yield'),
    ('5 Year Average Dividend Yield'),
    ('Payout Ratio'),
    ('Dividend Date'),
    ('Ex-Dividend Date'),
    ('Last Split Factor'),
    ('Last Split Date'),
    ('Fiscal Year Ends'),
    ('Most Recent Quarter'),
    ('Profit Margin'),
    ('Operating Margin'),
    ('Return on Assets'),
    ('Return on Equity'),
    ('Revenue'),
    ('Revenue Per Share'),
    ('Quarterly Revenue Growth'),
    ('Gross Profit'),
    ('EBITDA'),
    ('Net Income Avi to Common'),
    ('Diluted EPS'),
    ('Quarterly Earnings Growth'),
    ('Total Cash'),
    ('Total Cash Per Share'),
    ('Total Debt'),
    ('Total Debt/Equity'),
    ('Current Ratio'),
    ('Book Value Per Share'),
    ('Operating Cash Flow'),
    ('Levered Free Cash Flow'),
    ('Shares Short '),
    ('Short Ratio '),
    ('Short % of Float '),
    ('Short % of Shares Outstanding '),
    ('Shares Short (prior month )'),
    ('Shares Short (Oct 28, 2021)'),
    ('Short Ratio (Oct 28, 2021)'),
    ('Short % of Float (Oct 28, 2021)'),
    ('Short % of Shares Outstanding (Oct 28, 2021)'),
    ('Shares Short (prior month Sep 29, 2021)'),
    ('Shares Short (Nov 14, 2021)'),
    ('Short Ratio (Nov 14, 2021)'),
    ('Short % of Float (Nov 14, 2021)'),
    ('Short % of Shares Outstanding (Nov 14, 2021)'),
    ('Shares Short (prior month Oct 14, 2021)'),
    ('Shares Short (Nov 29, 2021)'),
    ('Short Ratio (Nov 29, 2021)'),
    ('Short % of Float (Nov 29, 2021)'),
    ('Short % of Shares Outstanding (Nov 29, 2021)'),
    ('Shares Short (prior month Oct 28, 2021)'),
    ('Shares Short (Dec 14, 2021)'),
    ('Short Ratio (Dec 14, 2021)'),
    ('Short % of Float (Dec 14, 2021)'),
    ('Short % of Shares Outstanding (Dec 14, 2021)'),
    ('Shares Short (prior month Nov 14, 2021)');

INSERT INTO `KPIs` (`KPI`) VALUES
    ('annually:fi'),
    ('annualChangesInAccountReceivables'),
    ('annualCashFlowFromContinuingInvestingActivities'),
    ('annualOperatingGainsLosses'),
    ('annualProvisionandWriteOffofAssets'),
    ('annualDeferredIncomeTax'),
    ('annualProceedsFromStockOptionExercised'),
    ('annualSaleOfPPE'),
    ('annualRepurchaseOfCa'),
    ('annualDepreciationAmortizationDepletion'),
    ('annualNetOtherFinancingCharges'),
    ('annualDividendReceivedCFO'),
    ('annualNetIssuancePaymentsOfDebt'),
    ('annualChangeInPayablesAndAccruedExpense'),
    ('annualInterestPaidSupplementalData'),
    ('annualCapitalExpenditure'),
    ('annualRepaymentOfDebt'),
    ('annualCashFlowFromContinuingOperatingActivities'),
    ('annualGainLossOnSaleOfPPE'),
    ('annualNetCommonStockIssuance'),
    ('annualEffectOfExchangeRateChanges'),
    ('annualChangeInWorkingCapital'),
    ('annualPurchaseOfBusiness'),
    ('annualIssuanceOfDebt'),
    ('annualChangeInReceivables'),
    ('annualFinancingCashFlow'),
    ('annualFreeCashFlow'),
    ('annualCashDividendsPaid'),
    ('annualLongTermDebtIssuance'),
    ('annualCapitalExpenditureReported'),
    ('annualLongTermDebtPayments'),
    ('annualEarningsLossesFromEquityInvestments'),
    ('annualNetPPEPurchaseAndSale'),
    ('annualChangesInCash'),
    ('annualOtherNonCashItems'),
    ('annualDepreciationAndAmortization'),
    ('annualStockBasedCompensation'),
    ('annualInvestingCashFlow'),
    ('annualNetIncomeFromContinuingOperations'),
    ('annualChangeInAccountPayable'),
    ('annualEndCashPosition'),
    ('annualNetLongTermDebtIssuance'),
    ('annualCashFlowFromContinuingFinancingActivities'),
    ('annualChangeInPayable'),
    ('annualOperatingCashFlow'),
    ('annualIncomeTaxPaidSupplementalData'),
    ('annualNetOtherInvestingChanges'),
    ('annualIssuanceOfCapitalStock'),
    ('annualCommonStockDividendPaid'),
    ('annualDeferredTax'),
    ('annualEarningsFromEquityInterestNetOfTax'),
    ('annualDilutedNIAvailtoComStockholders'),
    ('annualInterestExpense'),
    ('annualInterestIncomeNonOperating'),
    ('annualPretaxIncome'),
    ('annualSpecialIncomeCharges'),
    ('annualSellingGeneralAndAdministration'),
    ('annualNormalizedEBITDA'),
    ('annualNetIncomeFromContinuingAndDiscontinuedOperation'),
    ('annualDepreciationAmortizationDepletionIncomeStatement'),
    ('annualBasicEPS'),
    ('annualTotalExpenses'),
    ('annualNetNonOperatingInterestIncomeExpense'),
    ('annualInterestIncome'),
    ('annualReconciledCostOfRevenue'),
    ('annualNetInterestIncome'),
    ('annualNetIncomeFromContinuingOperationNetMinorityInterest'),
    ('annualTaxRateForCalcs'),
    ('annualNetIncomeCommonStockholders'),
    ('annualMinorityInterests'),
    ('annualGeneralAndAdministrativeExpense'),
    ('annualReconciledDepreciation'),
    ('annualDilutedAverageShares'),
    ('annualTotalRevenue'),
    ('annualCostOfRevenue'),
    ('annualTaxProvision'),
    ('annualGrossProfit'),
    ('annualNetIncomeIncludingNoncontrollingInterests'),
    ('annualOperatingIncome'),
    ('annualOperatingRevenue'),
    ('annualInterestExpenseNonOperating'),
    ('annualTotalUnusualItemsExcludingGoodwill'),
    ('annualDilutedEPS'),
    ('annualOtherGandA'),
    ('annualTotalOperatingIncomeAsReported'),
    ('annualDepreciationAndAmortizationInIncomeStatement'),
    ('annualTaxEffectOfUnusualItems'),
    ('annualTotalUnusualItems'),
    ('annualNormalizedIncome'),
    ('annualNetIncome'),
    ('annualEBIT'),
    ('annualNetIncomeContinuousOperations'),
    ('annualOperatingExpense'),
    ('annualInventory'),
    ('annualCommonStockEquity'),
    ('annualAvailableForSaleSecurities'),
    ('annualShareIssued'),
    ('annualMinorityInterest'),
    ('annualCurrentDebt'),
    ('annualTotalNonCurrentLiabilitiesNetMinorityInterest'),
    ('annualPayables'),
    ('annualOtherCurrentAssets'),
    ('annualNonCurrentDeferredLiabilities'),
    ('annualLongTermEquityInvestment'),
    ('annualTotalDebt'),
    ('annualNetPPE'),
    ('annualCurrentLiabilities'),
    ('annualCurrentDeferredAssets'),
    ('annualTotalNonCurrentAssets'),
    ('annualTotalLiabilitiesNetMinorityInterest'),
    ('annualInvestmentsAndAdvances'),
    ('annualNonCurrentDeferredTaxesLiabilities'),
    ('annualIncomeTaxPayable'),
    ('annualCashCashEquivalentsAndShortTermInvestments'),
    ('annualPrepaidAssets'),
    ('annualTaxesReceivable'),
    ('annualNonCurrentPrepaidAssets'),
    ('annualBuildingsAndImprovements'),
    ('annualInvestmentinFinancialAssets'),
    ('annualCashAndCashEquivalents'),
    ('annualOtherNonCurrentLiabilities'),
    ('annualPreferredSecuritiesOutsideStockEquity'),
    ('annualGoodwillAndOtherIntangibleAssets'),
    ('annualAccruedInterestReceivable'),
    ('annualCurrentDeferredRevenue'),
    ('annualTotalEquityGrossMinorityInterest'),
    ('annualGainsLossesNotAffectingRetainedEarnings'),
    ('annualTotalTaxPayable'),
    ('annualNonCurrentDeferredRevenue'),
    ('annualNetTangibleAssets'),
    ('annualTotalAssets'),
    ('annualCurrentDebtAndCapitalLeaseObligation'),
    ('annualWorkingCapital'),
    ('annualTangibleBookValue'),
    ('annualLongTermDebt'),
    ('annualNonCurrentDeferredAssets'),
    ('annualPayablesAndAccruedExpenses'),
    ('annualOtherCurrentBorrowings'),
    ('annualGoodwill'),
    ('annualOrdinarySharesNumber'),
    ('annualInvestedCapital'),
    ('annualRestrictedCash'),
    ('annualCurrentAssets'),
    ('annualOtherNonCurrentAssets'),
    ('annualGrossPPE'),
    ('annualAccumulatedDepreciation'),
    ('annualReceivables'),
    ('annualOtherIntangibleAssets'),
    ('annualDuetoRelatedPartiesCurrent'),
    ('annualStockholdersEquity'),
    ('annualNonCurrentDeferredTaxesAssets'),
    ('annualOtherShortTermInvestments'),
    ('annualTreasuryStock'),
    ('annualCurrentDeferredLiabilities'),
    ('annualMachineryFurnitureEquipment'),
    ('annualOtherEquityAdjustments'),
    ('annualCapitalStock'),
    ('annualTotalCapitalization'),
    ('annualOtherCurrentLiabilities'),
    ('annualProperties'),
    ('annualAccountsReceivable'),
    ('annualOtherProperties'),
    ('annualUnrealizedGainLoss'),
    ('annualAdditionalPaidInCapital'),
    ('annualCurrentAccruedExpenses'),
    ('annualCommonStock'),
    ('annualRetainedEarnings'),
    ('annualForeignCurrencyTranslationAdjustments'),
    ('annualDuefromRelatedPartiesCurrent'),
    ('annualConstructionInProgress'),
    ('annualOtherPayable'),
    ('annualOtherEquityInterest'),
    ('annualLongTermProvisions'),
    ('annualInvestmentsInOtherVenturesUnderEquityMethod'),
    ('annualPensionandOtherPostRetirementBenefitPlansCurrent'),
    ('annualRawMaterials'),
    ('annualLandAndImprovements'),
    ('annualDerivativeProductLiabilities'),
    ('annualLongTermDebtAndCapitalLeaseObligation'),
    ('annualNonCurrentPensionAndOtherPostretirementBenefitPlans'),
    ('annualCurrentProvisions'),
    ('annualTreasurySharesNumber'),
    ('annualGrossAccountsReceivable'),
    ('annualInvestmentsinAssociatesatCost'),
    ('annualOtherReceivables'),
    ('annualFinishedGoods'),
    ('annualAccountsPayable'),
    ('annualTotalOtherFinanceCost'),
    ('annualRentExpenseSupplemental'),
    ('annualBasicAverageShares'),
    ('annualAmortization'),
    ('annualOtherOperatingExpenses'),
    ('annualOtherSpecialCharges'),
    ('annualWriteOff'),
    ('annualDepreciationIncomeStatement'),
    ('annualOtherunderPreferredStockDividend'),
    ('annualDepreciation'),
    ('annualChangeInInventory'),
    ('annualDividendsReceivedCFI'),
    ('annualShortTer'),
    ('annualTaxesRefundPaid'),
    ('annualGainLossOnInvestmentSecurities'),
    ('annualInterestPaidCFO'),
    ('annualNetInvestmentPurchaseAndSale'),
    ('annualBeginningCashPosition'),
    ('annualCurrentCapitalLeaseObligation'),
    ('annualLongTermCapitalLeaseObligation'),
    ('annualNetDebt'),
    ('annualInventoriesAdjustmentsAllowances'),
    ('annualWorkInProcess'),
    ('annualAllowanceForDoubtfulAccountsReceivable'),
    ('annualCapitalLeaseObligations'),
    ('annualRestructuringAndMergernAcquisition'),
    ('annualPurchaseOfPPE'),
    ('annualChangeInOtherCurrentLiabilities'),
    ('annualNetBusinessPurchaseAndSale'),
    ('annualCommonStockPayments'),
    ('annualPurchaseOfInvestment'),
    ('annualPurchaseOfIntangibles'),
    ('annualSaleOfIntangibles'),
    ('annualNetIntangiblesPurchaseAndSale'),
    ('annualSaleOfInvestment'),
    ('annualRepurchaseOfCapitalStock'),
    ('annualAssetsHeldForSaleCurrent'),
    ('annualHeldToMaturitySecurities'),
    ('annualHedgingAssetsCurrent'),
    ('annualPurchaseOfInvestmentProperties'),
    ('annualInterestPaidCFF'),
    ('annualNetShortTermDebtIssuance'),
    ('annualNetInvestmentPropertiesPurchaseAndSale'),
    ('annualSaleOfInvestmentProperties'),
    ('annualCashEquivalents'),
    ('annualCashFinancial'),
    ('annualDividendsPayable'),
    ('annualGeneralAndAdministrat'),
    ('annualOtherCashAdjustmentOutsideChangeinCash'),
    ('annualChangeInOtherCurrentAssets'),
    ('annualRentAndLandingFees'),
    ('annualInte'),
    ('annualFinancialAssets'),
    ('annualAm'),
    ('annualSellingAndMarketingExpense'),
    ('annualCommonStockIssuance'),
    ('annualLoansReceivable'),
    ('annualNonCurrentNoteReceivables'),
    ('annualOtherInventories'),
    ('annualReceivablesAdjustmentsAllowances'),
    ('annualLeases'),
    ('annualAmortizationOfIntangiblesIncomeStatement'),
    ('annualOtherIncomeExpense'),
    ('annualChangeInPrepaidAssets'),
    ('annualPensionAndEmployeeB'),
    ('annualChangeInOtherWorkingCapital'),
    ('annualEmployeeBenefits'),
    ('annualNetIncomeDiscontinuousOperations'),
    ('annualOtherNonOperatingIncomeExpenses'),
    ('annualShortTermDe'),
    ('annualShortTermDebtPayments'),
    ('annualOtherCashAdjustmentInsideChangeinCash'),
    ('annualDefinedPensionBenefit'),
    ('annualPurchase'),
    ('annualInterestReceivedCFO'),
    ('annualResearchAndDevelopment'),
    ('annualAverageDilutionEarnings'),
    ('annualImpairmentOfCapitalAssets'),
    ('annualChangeInTaxPayable'),
    ('annualAmortizationCashFlow'),
    ('annualAssetImpairmentCharge'),
    ('annualAmortizationOfIntangibles'),
    ('annualGainLossOnSaleOfBusiness'),
    ('annualChangeInIncomeTaxPayable'),
    ('annualSaleOfBusiness'),
    ('annualChangeInAccruedExpense'),
    ('annualTradeandOtherPayablesNonCurrent'),
    ('annualEarningsFromEquityInterest'),
    ('annualGainOnSaleOfPPE'),
    ('annualOtherTaxes'),
    ('annualGainOnSaleOfSecurity'),
    ('annualSalariesAndWages'),
    ('annualNetForeignCurrencyExchangeGainLoss'),
    ('annualGainOnSaleOfBusiness'),
    ('annualImpairmentOfCap'),
    ('annualTotalOtherF'),
    ('annualProvisionForDoubtfulAccounts'),
    ('annualOtherCashReceiptsfromOperating'),
    ('annualClassesofCashReceiptsfromOperatingActivities'),
    ('annualTaxesRefundPaidDirect'),
    ('annualPaymentstoSuppliersforGoodsandServices'),
    ('annualCashFlowsfromusedinOperatingActivitiesDirect'),
    ('annualInterestPaidDirect'),
    ('annualClassesofCashPayments'),
    ('annualInvestmentsinJointVenturesatCost'),
    ('annualNonCurrentAccountsReceivable'),
    ('annualLineOfCredit'),
    ('annualInterestPayable'),
    ('annualCommercialPaper'),
    ('annualRentExpens'),
    ('annualShortTermDebtIssuance'),
    ('annualDepreciationAmortizationDepletionIncom'),
    ('annualDepreciationAndAmortizationInIncom'),
    ('annualNetIntangiblesPurch'),
    ('annualPurch'),
    ('annualDe'),
    ('annualFinancialAssetsDesignatedasFairValueThroughProfitorLossTotal'),
    ('annualFixedAssetsRevaluationReserve'),
    ('annualInvestmentProperties'),
    ('annualRestructuringAndMergernA'),
    ('annualInterestReceivedCFI'),
    ('annualLiabilitiesHeldforSaleNonCurrent'),
    ('annualPreferredStockEquity'),
    ('annualPreferredStock'),
    ('annualSpecialInc'),
    ('annualPreferredStockDividends'),
    ('annualRepurchaseO'),
    ('annualCashFromDiscontinuedInvestingActivities'),
    ('annualCashFromDiscontinuedFinancingActivities'),
    ('annualCashFromDiscontinuedOperatingActivities'),
    ('annualAmortizationOfI'),
    ('annualGainLossOnSale'),
    ('annualAssetImpair'),
    ('annualOtherSpec'),
    ('annualNetOtherInvest'),
    ('annualNetCommonSto'),
    ('annualNetOtherFinanc'),
    ('annualCommon'),
    ('annualInterestIncomeNo'),
    ('annualNetShortTermDe'),
    ('annualPensionAndEmployeeBenefitExpense'),
    ('annualNetForeignCurrencyExchan'),
    ('annualMinimumPensionLiabilities'),
    ('annualOtherInvestments'),
    ('annualIntere'),
    ('annualInter'),
    ('annualChangeInOtherCurrentL'),
    ('annualSellingAndMarket'),
    ('annualNonCurrentAccruedExpenses'),
    ('annualOtherOper'),
    ('annualAmortizati'),
    ('annualInvestmentsinSubsidiariesatCost'),
    ('annualCashDiv'),
    ('annualSaleOf'),
    ('annualNotesReceivable'),
    ('annualProvisionForDoubtf'),
    ('annualChangesInAccou'),
    ('annualGainLo'),
    ('annualNetIncomeDiscontinuous'),
    ('annualIn'),
    ('annualCurrentDeferredTaxesLiabilities'),
    ('annualCommonSto'),
    ('annualPreferredStockDi'),
    ('annualIncomeTaxPaidSupple'),
    ('annualChangeInInterestPayable'),
    ('annualPreferredSharesNumber'),
    ('annualUnrealizedGainLossOnInvestm'),
    ('annualMineralProperties'),
    ('annualUnrealizedGainLossOnInvestmentSecurities'),
    ('annualRentExpenseSu'),
    ('annualChang'),
    ('annualChangeI'),
    ('annualOtherCostofRevenue'),
    ('annualReceiptsfromCustomers'),
    ('annualPaymentsonBehalfofEmployees'),
    ('annualNetInvestmentPurch'),
    ('annualPreferredS'),
    ('annualResearchA'),
    ('annualGainOnSale'),
    ('annualProceedsFromStockOptio');
